Age,Weight
58,82.4
33,73.0
32,67.3
65,78.3
75,70.0
20,58.8
19,65.3
56,75.7
19,50.8
62,70.7
52,65.0
35,69.9
69,85.1
28,55.3
62,69.8
31,67.6
79,80.6
42,65.2
24,58.6
34,70.9
69,84.6
25,65.1
80,83.1
36,65.2
71,67.7
41,57.6
54,73.2
60,76.7
32,68.2
72,57.9
32,69.8
47,64.9
58,75.7
40,64.2
31,59.7
61,65.0
59,82.8
52,76.0
64,75.7
35,74.0
77,73.9
61,67.6
38,73.8
32,55.1
70,83.4
35,67.4
22,66.1
74,94.9
63,71.1
43,78.1
74,85.3
34,61.9
26,63.5
34,74.9
65,62.9
43,61.2
41,72.8
50,94.8
49,72.5
25,64.2
27,55.0
45,60.5
56,79.2
47,72.7
51,71.2
78,88.8
18,59.3
74,75.6
52,71.7
39,55.5
25,61.9
18,64.7
79,78.3
80,69.6
50,71.6
24,54.4
73,68.9
50,61.5
56,75.1
28,70.4
52,86.8
76,74.8
18,54.2
25,58.3
77,66.4
69,92.5
37,67.2
54,77.5
78,90.0
70,82.8
22,70.6
26,62.1
26,54.2
28,49.7
34,56.5
79,78.6
31,75.5
62,69.8
30,63.0
60,67.3
59,63.4
46,80.4
25,63.0
19,63.6
55,63.8
18,57.7
22,61.4
22,59.7
75,85.1
50,72.2
33,64.1
52,79.6
26,60.9
54,58.0
48,70.7
44,77.0
30,73.1
40,73.5
45,57.5
21,69.1
61,68.8
21,53.4
43,67.0
24,50.2
33,68.7
26,71.4
45,72.6
73,85.5
77,91.0
72,83.8
53,80.3
52,77.5
71,80.8
66,76.4
72,78.7
48,77.5
31,74.9
28,52.6
42,75.4
77,79.7
68,78.0
62,69.2
79,78.8
60,62.0
63,70.6
31,65.3
79,90.9
21,65.8
65,74.9
48,72.4
50,78.5
21,57.5
79,66.6
22,61.4
56,85.6
43,74.5
25,71.5
55,69.3
56,75.7
60,74.9
55,67.0
34,63.4
31,62.0
34,60.6
43,75.6
47,77.4
38,82.0
18,53.7
47,63.5
24,56.5
22,54.0
26,61.4
77,78.1
33,67.7
41,66.5
52,79.0
63,68.6
69,96.1
59,63.7
53,70.1
37,69.8
74,77.3
26,62.0
65,90.4
53,75.1
31,69.6
63,69.3
72,86.9
34,60.6
76,79.1
72,87.5
71,80.8
35,72.3
26,65.0
58,77.7
46,69.2
53,69.5
25,54.4
22,72.1
27,60.0
52,78.2
53,73.5
27,61.8
41,69.0
75,96.1
20,53.8
75,72.4
60,82.5
24,57.2
73,85.5
44,80.6
77,77.7
77,80.0
69,81.2
69,80.3
29,70.8
65,86.7
44,63.5
69,71.6
33,55.6
35,72.1
42,77.6
73,86.0
30,66.5
70,83.1
70,74.2
68,80.2
60,70.6
30,60.1
22,65.4
79,81.2
50,64.6
43,63.0
39,55.3
78,94.1
34,68.4
29,46.7
20,51.7
24,57.4
68,73.1
38,48.6
25,70.8
42,72.1
20,58.7
63,67.4
69,80.4
52,65.2
65,60.5
60,76.6
78,87.0
60,82.8
60,69.5
72,88.7
50,81.6
37,63.7
62,69.4
36,62.2
60,72.7
78,71.5
29,72.3
57,66.8
71,74.7
18,59.2
68,81.3
55,67.8
46,65.9
46,65.9
68,69.3
75,90.1
60,71.3
23,60.2
57,83.3
39,81.8
33,75.1
61,69.8
27,75.4
19,80.4
57,79.0
72,78.9
74,71.0
58,63.7
42,63.3
49,67.5
62,77.2
18,71.6
74,70.0
24,63.6
69,72.2
79,77.7
53,64.6
33,68.7
26,61.6
69,68.7
53,73.9
56,68.1
46,80.4
57,79.1
45,55.8
71,84.1
28,59.8
65,80.7
66,70.3
33,68.6
67,71.7
51,66.2
46,70.2
22,60.9
39,62.5
38,69.4
27,61.9
32,62.2
31,67.6
22,56.6
47,73.2
44,81.3
42,73.5
75,81.1
19,44.3
72,84.7
48,64.1
18,66.3
42,66.4
72,88.4
52,63.3
65,74.6
75,66.5
32,59.7
49,71.1
19,53.1
69,83.8
43,66.6
76,66.1
26,71.9
76,78.3
43,60.1
23,56.7
59,61.2
29,70.4
21,61.3
47,76.3
38,59.6
35,78.5
66,83.1
71,75.5
23,50.9
21,63.9
78,74.0
67,84.6
79,73.5
78,70.4
33,66.0
27,65.0
33,72.9
54,79.7
78,82.1
67,87.1
41,72.8
65,84.1
63,84.9
79,88.8
37,68.1
37,67.8
54,64.5
43,52.9
78,79.4
62,72.1
71,75.5
67,74.1
37,72.4
25,55.3
68,88.9
40,66.6
52,65.6
50,73.9
59,66.5
70,88.8
49,84.7
58,84.5
75,84.2
45,59.7
29,62.4
35,48.1
57,76.4
48,62.2
47,59.6
35,70.7
38,75.0
23,51.8
35,70.1
47,66.5
54,67.0
19,56.7
49,73.3
31,61.3
40,69.7
74,72.6
56,71.2
18,55.4
51,74.1
64,74.5
44,57.3
62,75.7
48,65.4
68,70.3
19,65.2
62,77.6
33,62.4
48,79.0
53,64.7
65,74.4
53,66.7
35,75.7
37,66.8
30,68.1
38,73.5
66,82.0
62,76.8
48,74.8
35,63.1
51,52.4
56,72.3
30,67.8
36,67.1
18,65.1
63,69.7
80,79.4
21,51.5
26,59.8
58,79.1
73,72.4
18,53.7
46,66.2
39,68.4
78,82.0
73,65.5
43,70.6
49,79.5
21,66.1
27,69.0
37,74.1
23,65.9
66,76.0
44,59.4
32,57.6
67,68.9
46,68.6
37,80.4
37,50.5
54,65.3
65,69.2
24,67.2
31,63.4
34,63.7
29,60.8
53,72.4
46,70.0
62,70.0
32,62.0
36,63.6
47,59.5
22,55.9
68,62.1
68,69.5
77,72.4
30,56.8
59,77.9
27,74.6
22,54.9
21,64.7
65,81.0
70,72.2
25,60.6
47,66.0
78,69.9
35,58.0
23,62.3
56,80.1
38,69.0
56,72.9
79,83.3
61,79.2
78,72.1
19,71.5
35,66.2
54,83.7
48,73.3
51,62.3
29,51.6
55,60.8
80,85.6
23,55.3
38,68.5
60,77.5
44,71.6
62,64.5
43,69.1
70,77.5
23,60.5
38,67.1
67,79.9
43,77.4
18,51.0
60,79.5
21,56.0
30,54.9
49,69.6
58,71.4
35,67.0
53,75.9
74,82.9
62,73.2
58,73.7
56,76.3
37,56.4
53,79.1
32,65.9
71,84.4
25,58.9
59,77.9
63,68.0
36,60.9
71,77.4
48,75.6
53,71.3
27,51.9
50,81.6
65,86.0
35,56.6
67,78.2
77,72.6
68,63.8
36,65.9
64,72.7
60,83.1
49,75.7
48,64.7
40,61.9
42,78.8
47,82.9
80,74.8
62,75.3
72,84.9
67,71.3
48,73.6
63,81.0
60,70.7
68,85.2
49,52.9
79,88.3
55,74.5
39,77.2
46,59.3
24,55.0
64,74.2
27,55.0
27,69.1
22,43.9
39,71.0
57,69.7
72,68.5
39,75.8
42,57.3
79,75.7
66,86.3
49,72.0
22,60.7
33,54.8
32,53.7
65,92.1
66,86.5
58,72.6
28,60.9
62,74.3
38,68.8
68,82.9
45,71.7
27,63.9
61,81.7
68,78.6
57,77.2
73,70.5
49,77.8
76,74.9
58,71.0
34,55.8
75,81.6
69,71.5
52,72.9
28,79.0
55,80.2
37,62.1
34,60.2
47,72.7
42,64.6
72,72.9
54,72.8
40,48.2
36,56.6
19,71.2
35,64.8
18,51.0
65,71.5
80,89.7
49,73.6
71,82.5
69,73.8
32,60.1
58,69.5
30,57.0
64,68.2
67,69.2
58,62.3
24,71.0
37,61.1
68,68.2
64,78.8
26,68.3
65,78.9
44,70.8
52,75.0
74,87.2
76,77.8
35,68.8
70,72.7
78,67.4
65,77.2
73,76.5
79,83.2
22,73.6
73,92.5
61,71.4
79,61.0
72,80.3
68,70.5
43,77.4
47,70.8
41,63.2
55,63.3
42,75.7
24,47.8
61,74.7
74,80.2
78,65.6
32,59.4
59,85.9
76,84.4
62,72.5
26,70.1
20,67.0
49,68.7
25,75.0
26,71.7
42,58.4
65,78.8
62,81.7
65,73.4
64,79.6
24,68.7
71,70.6
78,80.4
35,72.8
46,71.1
46,82.8
24,58.5
80,77.1
80,72.5
59,69.4
30,70.1
79,90.1
47,79.5
23,57.1
56,64.4
80,92.8
33,67.2
26,64.4
71,73.1
66,67.4
70,74.3
73,79.6
68,88.8
75,74.4
80,77.4
27,72.3
69,76.4
29,75.1
26,72.3
18,53.0
55,82.2
38,72.6
26,63.9
65,72.8
22,63.7
48,64.1
55,74.7
24,57.9
57,74.7
20,59.2
60,59.0
51,68.1
19,70.6
21,75.3
45,69.3
61,83.1
46,76.7
22,67.0
27,60.0
22,68.9
55,79.6
53,70.3
56,66.3
51,69.0
45,77.4
24,63.6
59,70.6
59,80.3
73,72.2
31,51.7
44,75.3
39,70.8
64,69.2
24,60.4
34,71.5
41,78.3
48,67.3
22,64.5
45,71.0
24,62.5
26,56.6
53,88.3
53,78.4
39,64.0
73,72.1
60,81.0
76,76.7
64,80.9
37,68.7
40,74.4
27,68.7
60,60.7
40,69.3
72,74.8
35,65.0
54,73.4
53,79.3
80,81.7
61,64.8
59,64.9
60,70.9
71,77.1
35,64.6
62,76.1
40,52.1
18,62.4
60,77.7
43,79.2
80,85.5
19,68.3
42,73.1
44,65.2
37,68.0
64,68.0
56,87.8
23,65.4
66,73.4
57,76.0
46,70.6
60,65.7
44,73.5
35,68.0
40,76.0
45,77.5
55,79.4
49,64.8
32,64.2
43,71.1
31,64.7
37,78.1
66,72.1
34,65.0
49,74.1
65,72.5
52,73.2
63,76.3
60,83.1
69,72.8
65,81.4
20,54.2
22,65.1
73,75.5
43,75.6
63,71.5
43,64.3
19,65.3
78,79.1
57,62.9
41,70.8
23,59.3
45,70.7
55,70.3
73,80.0
37,66.7
67,71.5
28,72.8
51,75.9
50,75.2
40,79.2
64,85.2
27,61.0
33,69.9
29,67.5
56,79.7
22,71.7
29,73.7
47,67.1
66,67.6
61,70.9
77,87.1
57,66.5
38,73.6
27,56.2
46,76.6
37,70.0
68,76.4
50,73.4
22,59.2
21,68.9
41,69.5
73,75.9
80,86.5
50,63.4
42,59.8
68,78.8
65,81.9
69,72.4
54,68.7
48,65.3
50,72.5
24,64.7
69,82.3
63,71.4
23,58.1
33,65.4
63,68.2
51,74.2
57,76.9
36,72.2
42,63.1
56,76.4
21,64.2
22,52.2
39,76.2
36,72.4
34,64.2
76,69.2
56,77.3
55,68.1
60,78.3
79,85.3
59,71.7
56,66.3
63,80.7
42,66.2
59,77.2
60,61.8
62,80.3
61,64.4
76,69.4
45,67.7
50,66.7
29,69.3
78,83.8
49,87.3
30,65.2
22,65.8
36,68.3
67,73.8
52,79.0
20,48.9
60,68.0
26,73.5
56,69.9
71,80.6
62,76.5
28,51.3
64,68.8
61,77.3
64,76.1
36,74.1
66,76.0
52,64.0
33,60.9
48,82.2
75,82.4
78,74.2
54,80.0
36,65.8
67,70.1
79,86.1
28,69.1
26,51.8
73,78.4
73,88.4
41,65.1
72,76.9
51,74.7
66,71.5
28,61.8
27,78.7
71,62.1
32,71.7
70,71.2
19,63.0
44,76.9
33,68.3
42,75.2
19,60.8
38,79.3
59,68.2
39,68.5
36,62.8
76,84.5
26,53.8
66,74.0
18,53.4
75,83.7
71,80.3
27,52.9
51,67.9
45,73.8
37,70.6
25,70.0
68,78.9
57,70.0
75,79.9
49,69.6
50,70.3
54,72.5
45,73.3
18,56.9
44,65.7
29,62.8
80,78.1
41,75.9
50,74.5
68,85.6
42,67.8
73,68.6
80,82.5
41,68.1
68,78.0
22,55.7
58,83.0
24,64.2
39,56.2
26,71.8
70,79.8
59,79.4
47,80.9
80,77.3
69,67.8
26,74.5
47,74.7
20,60.8
30,66.6
74,94.4
50,75.2
43,77.5
34,65.3
20,61.5
40,63.2
73,81.1
39,53.7
35,71.0
74,83.4
43,68.1
42,53.6
39,75.6
49,69.3
41,75.7
69,73.2
23,62.0
56,70.1
70,79.9
24,68.0
23,59.6
46,74.9
56,72.1
46,65.6
40,57.1
76,83.0
40,62.2
58,68.6
80,81.2
60,71.9
58,66.6
65,80.5
61,75.5
72,79.5
56,69.6
26,56.6
